{"cameraMode":{"drawMode":0,"name":"Shaded","section":"Shading Mode"},"sceneLighting":true,"audioPlay":false,"sceneViewState":{"m_AlwaysRefresh":false,"showFog":true,"showSkybox":true,"showFlares":true,"showImageEffects":true,"showParticleSystems":true,"showVisualEffectGraphs":true,"m_FxEnabled":true},"in2DMode":false,"pivot":{"x":0.9850955605506897,"y":-0.2597804069519043,"z":-0.7385964393615723},"rotation":{"x":0.015283451415598393,"y":0.9846615195274353,"z":-0.11754090338945389,"w":0.1280318796634674},"size":4.566540241241455,"orthographic":false}